{
    "pathToOrigData": "/home/franz/Projects/bonsai-lineage-demo/bonsai_inputs/data",
    "dataset": "synthetic_demo",
    "nCells": 50,
    "nGenes": 39,
    "cellIds": [
        "Cell_0",
        "Cell_1",
        "Cell_2",
        "Cell_3",
        "Cell_4",
        "Cell_5",
        "Cell_6",
        "Cell_7",
        "Cell_8",
        "Cell_9",
        "Cell_10",
        "Cell_11",
        "Cell_12",
        "Cell_13",
        "Cell_14",
        "Cell_15",
        "Cell_16",
        "Cell_17",
        "Cell_18",
        "Cell_19",
        "Cell_20",
        "Cell_21",
        "Cell_22",
        "Cell_23",
        "Cell_24",
        "Cell_25",
        "Cell_26",
        "Cell_27",
        "Cell_28",
        "Cell_29",
        "Cell_30",
        "Cell_31",
        "Cell_32",
        "Cell_33",
        "Cell_34",
        "Cell_35",
        "Cell_36",
        "Cell_37",
        "Cell_38",
        "Cell_39",
        "Cell_40",
        "Cell_41",
        "Cell_42",
        "Cell_43",
        "Cell_44",
        "Cell_45",
        "Cell_46",
        "Cell_47",
        "Cell_48",
        "Cell_49"
    ],
    "geneIds": [
        "Gene_0",
        "Gene_1",
        "Gene_2",
        "Gene_3",
        "Gene_4",
        "Gene_5",
        "Gene_6",
        "Gene_7",
        "Gene_8",
        "Gene_9",
        "Gene_10",
        "Gene_11",
        "Gene_12",
        "Gene_13",
        "Gene_14",
        "Gene_15",
        "Gene_16",
        "Gene_17",
        "Gene_18",
        "Gene_19",
        "Gene_20",
        "Gene_21",
        "Gene_22",
        "Gene_23",
        "Gene_24",
        "Gene_25",
        "Gene_26",
        "Gene_27",
        "Gene_28",
        "Gene_29",
        "Gene_30",
        "Gene_31",
        "Gene_32",
        "Gene_33",
        "Gene_34",
        "Gene_35",
        "Gene_36",
        "Gene_37",
        "Gene_38"
    ],
    "loglik": null,
    "loglikVarCorr": 4999.2831317213895,
    "geneVariances": [
        0.02888252511338491,
        0.1185002799922722,
        0.046267034096494165,
        0.08030359209230008,
        0.0500645618735506,
        0.07281038134580446,
        0.08627091841857071,
        0.08235640971545001,
        0.05837153346061751,
        0.0872203589149646,
        0.06903732119715042,
        0.06682329014518244,
        0.10121973207404811,
        0.10172503475864275,
        0.0830985266991649,
        0.07604840615643259,
        0.08089409714687953,
        0.07280324624307762,
        0.06518514467954163,
        0.05226000317801018,
        0.08249416271898175,
        0.10462393562962168,
        0.07370569399349775,
        0.07991156393508447,
        0.06615628756886785,
        0.07880315264420654,
        0.0562670327579021,
        0.06296472087139589,
        0.06934583338618257,
        0.0986589991808406,
        0.07309111459309148,
        0.07062697834686778,
        0.05658224850992831,
        0.09625403792739091,
        0.08447615873589318,
        0.08159223851053403,
        0.044484107117518074,
        0.1029990212587514,
        0.0851544356404654
    ],
    "geneDiffusionScaling": "geneVariances",
    "processedDatafolder": "/home/franz/Projects/bonsai-lineage-demo/bonsai_results/zscorefiltered_1.000_and_processed",
    "results_folder": "/home/franz/Projects/bonsai-lineage-demo/bonsai_results"
}